INSERT INTO public.address (facility_id,post_number,country,city,road_address,jibun_address,english_address,lat,lng,created_at,updated_at) VALUES
	 (12,'34141','Korea','Daejeon','대전 유성구 대학로 291 E4 1층',NULL,'291 Daehak-ro, Yuseong District, Daejeon E4 first floor ',36.36818880460385,127.36384774989415,'2024-06-05 15:31:20.118302','2024-06-06 01:56:02.474114'),
	 (13,'34141','Korea','Daejeon','대전 유성구 대학로 291 E3 1층',NULL,'291 Daehak-ro, Yuseong District, Daejeon E3 first floor',36.36860365512124,127.36448483011078,'2024-06-05 15:31:26.645969','2024-06-06 01:56:02.636372'),
	 (14,'34141','Korea','Daejeon','대전 유성구 대학로 291 인터내셔널센터 W2-1 1층',NULL,'291, Daehak-ro, Yuseong-gu, Daejeon, W2-1 1st floor',36.36731049538387,127.3600189032202,'2024-06-05 15:31:34.182932','2024-06-06 01:56:02.800249'),
	 (2,'34141','Korea','Daejeon','대전 유성구 대학로 291 기계공학동 1층',NULL,'Daejeon, Yuseong District, Guseong-dong, 23 카이스트기계공학동 first floor',36.372453400236346,127.35869980684605,'2024-06-05 13:58:33.686599','2024-06-06 01:56:01.413898'),
	 (4,'34141','Korea','Daejeon','대전 유성구 대학로 291 카이스트 N11 학생식당',NULL,'291, Daehak-ro, Yuseong-gu, Daejeon, N11',36.373722419917506,127.35924331611243,'2024-06-05 14:42:08.755964','2024-06-06 01:56:01.625668'),
	 (5,'34151','Korea','Daejeon','대전 유성구 대학로 291 장영신학생회관(N13-1)',NULL,'Guseong-dong, Yuseong District, Daejeon, 장영신학생회관(N13-1)',36.3732746879648,127.36053948975906,'2024-06-05 14:42:18.591951','2024-06-06 01:56:01.800796'),
	 (6,'34141','Korea','Daejeon','대전 유성구 대학로 291 정문술빌딩 1층',NULL,'Guseong-dong, Yuseong District, Daejeon, 정문술빌딩 first floor',36.37121724934694,127.36219870971874,'2024-06-05 14:42:28.344033','2024-06-06 01:56:01.99182'),
	 (9,'34141','Korea','Daejeon','대전 유성구 대학로 291 카이스트 내 태울관 2층',NULL,'291, Daehak-ro, Yuseong-gu, Daejeon, N13 2nd floor',36.373005902733304,127.36002007261554,'2024-06-05 15:24:36.395249','2024-06-06 01:56:02.150592'),
	 (10,'34141','Korea','Daejeon','대전 유성구 대학로 291 카이스트 내 태울관 2층',NULL,'291, Daehak-ro, Yuseong-gu, Daejeon, N13 2nd floor',36.37306022414262,127.35993674596659,'2024-06-05 15:30:51.433076','2024-06-06 01:56:02.314071'),
	 (15,'34141','Korea','Daejeon','대전 유성구 대학로 291 카이스트본원석박사학생회관 W2 1층',NULL,'291, Daehak-ro, Yuseong-gu, Daejeon, W2 1st floor',36.367132416191616,127.3607980752631,'2024-06-05 15:31:40.51717','2024-06-06 01:56:02.963704');
INSERT INTO public.address (facility_id,post_number,country,city,road_address,jibun_address,english_address,lat,lng,created_at,updated_at) VALUES
	 (16,'34141','Korea','Daejeon','대전 유성구 대학로 291 카이스트 내 태울관 2층',NULL,'291, Daehak-ro, Yuseong-gu, Daejeon, N13 2nd floor',36.37308442673703,127.36012908453654,'2024-06-05 15:31:47.578638','2024-06-06 01:56:03.124348'),
	 (19,'34141','Korea','Daejeon','대전 유성구 대학로 291 카이스트 학술문화관(E9) 2층',NULL,'291, Daehak-ro, Yuseong-gu, Daejeon, E9 2nd floor',36.36893747981999,127.36287622291329,'2024-06-05 15:35:40.991726','2024-06-06 01:56:03.287846'),
	 (22,'34141','Korea','Daejeon','대전 유성구 대학로 291  W8 1층',NULL,'291 Daehak-ro, Yuseong District, Daejeon W8 first floor',36.369962495382815,127.3599196902684,'2024-06-05 15:42:24.730057','2024-06-06 01:56:03.4481'),
	 (23,'34141','Korea','Daejeon','대전광역시 유성구 대학로 291, 김병호IT융합센터동 지상 2, 3층 (구성동, 한국과학기술원)',NULL,'291 Daehak-ro, Yuseong District, Daejeon',36.37409358389051,127.36537408056331,'2024-06-05 15:55:16.228326','2024-06-06 01:56:03.608735'),
	 (24,'34141','Korea','Daejeon','대전 유성구 대학로 291 E6-4 1층',NULL,'291 Daehak-ro, Yuseong District, Daejeon E6-4 first floor',36.37015821214235,127.36373434522733,'2024-06-05 15:55:53.038524','2024-06-06 01:56:03.770867'),
	 (25,'34141','Korea','Daejeon','대전 유성구 대학로 291 W2 2층',NULL,'291, Daehak-ro, Yuseong-gu, Daejeon, W2 2nd floor',36.367011196874145,127.36065266008707,'2024-06-05 15:58:36.975853','2024-06-06 01:56:03.931394');
INSERT INTO public.facility ("name",english_name,slug,"type",business_id,phone,email,url,description,created_at,updated_at) VALUES
	 ('카페드림 카이스트점','Cafe Dream KAIST','','','533-85-01224','423500851','cwwojin@gmail.com','http://www.cafedream.co.kr','꿈을 담는 커피 전문점 카페드림','2024-06-05 13:58:33.686599','2024-06-05 14:07:44.110397'),
	 ('퀴즈노스 카이스트점','Quiznos KAIST','','','000-00-00000','042-861-9987',NULL,'http://www.quiznos.co.kr/','The Best Sandwich You’ll Ever Eat','2024-06-05 14:42:18.591951','2024-06-05 14:42:18.591951'),
	 ('써브웨이 대전카이스트점','Subway KAIST','','','364-85-00406','0507-1447-7003',NULL,'https://www.subway.co.kr/','전세계 넘버원 브랜드 Subway! 50년 전통의 세계 최고의 샌드위치를 맛보세요!','2024-06-05 14:42:28.344033','2024-06-05 14:42:28.344033'),
	 ('인생설렁탕 카이스트점','Inseng Sullungtang KAIST','','','168-20-01467','042-350-0398',NULL,'https://www.theborn.co.kr/theborn_brand/%EC%9D%B8%EC%83%9D%EC%84%A4%EB%A0%81%ED%83%95/','누구나 부담 없이 들러 든든한 한 끼를 만나고, 술 한 잔으로 하루의 고단함을 풀 수 있는 따뜻한 곳. 누군가의 인생에 기억이 될 수 있는 인생설렁타이 되기를 소망합니다','2024-06-05 15:24:36.395249','2024-06-05 15:24:36.395249'),
	 ('역전우동0410 카이스트점','Udon 0410 KAIST','0410','','168-20-01467','042-350-0398',NULL,'http://udon0410.com/','Mz세대가 선택한 역전우동!! 바쁜 현대인, 남녀노소 모든 고객님들께 부담 없는 가격의 메뉴를 맛있고 빠르게 즐기실 수 있도록 최선을 다하겠습니다','2024-06-05 15:30:51.433076','2024-06-05 15:30:51.433076'),
	 ('그라찌에','Grazie KAIST','','','644-49-00546','02-338-9620','ayahamane13@gmail.com','http://www.grazie.co.kr/','대학 내 커피문화 선두기업','2024-06-05 15:31:20.118302','2024-06-05 15:31:20.118302'),
	 ('파스쿠찌','Pascucci','','','181-20-01117','042-825-8497','ayahamane13@gmail.com','https://www.caffe-pascucci.co.kr/','','2024-06-05 15:31:26.645969','2024-06-05 15:31:26.645969'),
	 ('카페잇 카이스트점','Cafe Eat KAIST','','','422-85-01069','042-867-5156','ayahamane13@gmail.com','https://www.instagram.com/kaist_cafeat/','커피와 심플리푸드가 필요한 모든 순간, 카페잇.','2024-06-05 15:31:34.182932','2024-06-05 15:31:34.182932'),
	 ('대덕동네피자','DDDN Pizza','','','314-23-26679','042-350-4787','ayahamane13@gmail.com','','','2024-06-05 15:31:40.51717','2024-06-05 15:31:40.51717'),
	 ('제순식당 카이스트점','Jae Soon Shikdang KAIST','','','168-20-01467','042-350-0398',NULL,'https://www.theborn.co.kr/theborn_brand/%ec%a0%9c%ec%88%9c%ec%8b%9d%eb%8b%b9','안녕하세요 따뜻하고 바로 만들어 고객님께 제공하는 제순식당입니다','2024-06-05 15:31:47.578638','2024-06-05 15:31:47.578638');
INSERT INTO public.facility ("name",english_name,slug,"type",business_id,phone,email,url,description,created_at,updated_at) VALUES
	 ('오가다 카이스트점','Cafe Ogada KAIST','','','000-00-00000','0507-1324-0863','ayahamane13@gmail.com','http://ogada.co.kr/','세계최초 한방차 테이크아웃 전문점 ‘오가다’ 2009 한국의 새로운 차문화가 시작되다.','2024-06-05 15:35:40.991726','2024-06-05 15:35:40.991726'),
	 ('드롭탑','Droptop KAIST','','','175-13-00449','042-350-0890','ayahamane13@gmail.com','https://www.cafedroptop.com/n/kr/src/main.php','드롭탑으로 채우는 나만의 sweet home cafe','2024-06-05 15:42:24.730057','2024-06-05 15:42:24.730057'),
	 ('리틀하노이카이스트점','Little Hanoi KAIST','','','629-45-00684','629-45-00684','ayahamane13@gmail.com','https://instagram.com/littlehanoi_kaist','베트남 정통 조리방법에 한국식 조리법을 응용하여 좀더 대중적이고 우리의 입맛에 맞는 베트남 음식을 선보입니다.','2024-06-05 14:42:08.755964','2024-06-06 00:49:03.400095'),
	 ('더큰도시락 카이스트점','The Bigger Dosirak KAIST','','','317-85-17478','042-863-3038','ayahamane13@gmail.com','http://www.thebigger.co.kr/','부담없는 비용으로 든든하고 맛있는 푸짐한 식사를 제공하는 더큰도시락과 함께하면 마음까지 풍성해집니다. 음식을 만드는 사람과 먹는 사람 모두가 행복해지는 세상은 더큰도시락이 꿈꾸는 세상입니다.','2024-06-05 15:58:36.975853','2024-06-05 15:58:36.975853'),
	 ('캘리포니아 베이커리','California Bakery','','','506-85-30576','0507-1364-0899','ayahamane13@gmail.com','https://www.instagram.com/california__bakery/','캘리포니아 베이커리&카페입니다. 맛있는 빵과 커피 한잔할수 있는 곳입니다.','2024-06-05 15:55:53.038524','2024-06-06 16:40:02.545939'),
	 ('탐앤탐스 대전카이스트점','Tom n Toms KAIST','','','636-74-00396','042-350-0871',NULL,'https://tomntoms.com/','대한민국 대표 스페셜티 커피 브랜드','2024-06-05 15:55:16.228326','2024-06-06 16:41:01.307065');
INSERT INTO public.facility_preference (facility_id,preference_id,created_at,updated_at) VALUES
	 (2,10,'2024-06-05 14:07:44.13053','2024-06-05 14:07:44.13053'),
	 (4,4,'2024-06-05 14:42:08.823904','2024-06-05 14:42:08.823904'),
	 (4,14,'2024-06-05 14:42:08.833558','2024-06-05 14:42:08.833558'),
	 (4,12,'2024-06-05 14:42:08.83678','2024-06-05 14:42:08.83678'),
	 (4,13,'2024-06-05 14:42:08.839394','2024-06-05 14:42:08.839394'),
	 (5,9,'2024-06-05 14:42:18.619067','2024-06-05 14:42:18.619067'),
	 (5,6,'2024-06-05 14:42:18.622253','2024-06-05 14:42:18.622253'),
	 (5,12,'2024-06-05 14:42:18.624715','2024-06-05 14:42:18.624715'),
	 (5,13,'2024-06-05 14:42:18.626718','2024-06-05 14:42:18.626718'),
	 (5,14,'2024-06-05 14:42:18.628927','2024-06-05 14:42:18.628927');
INSERT INTO public.facility_preference (facility_id,preference_id,created_at,updated_at) VALUES
	 (6,9,'2024-06-05 14:42:28.371084','2024-06-05 14:42:28.371084'),
	 (6,12,'2024-06-05 14:42:28.374697','2024-06-05 14:42:28.374697'),
	 (6,13,'2024-06-05 14:42:28.378371','2024-06-05 14:42:28.378371'),
	 (6,14,'2024-06-05 14:42:28.380432','2024-06-05 14:42:28.380432'),
	 (9,1,'2024-06-05 15:24:36.426061','2024-06-05 15:24:36.426061'),
	 (10,1,'2024-06-05 15:30:51.466725','2024-06-05 15:30:51.466725'),
	 (10,2,'2024-06-05 15:30:51.46994','2024-06-05 15:30:51.46994'),
	 (12,10,'2024-06-05 15:31:20.159503','2024-06-05 15:31:20.159503'),
	 (12,16,'2024-06-05 15:31:20.162322','2024-06-05 15:31:20.162322'),
	 (13,10,'2024-06-05 15:31:26.698574','2024-06-05 15:31:26.698574');
INSERT INTO public.facility_preference (facility_id,preference_id,created_at,updated_at) VALUES
	 (13,16,'2024-06-05 15:31:26.700922','2024-06-05 15:31:26.700922'),
	 (14,10,'2024-06-05 15:31:34.207065','2024-06-05 15:31:34.207065'),
	 (14,16,'2024-06-05 15:31:34.209902','2024-06-05 15:31:34.209902'),
	 (15,6,'2024-06-05 15:31:40.541125','2024-06-05 15:31:40.541125'),
	 (15,12,'2024-06-05 15:31:40.543214','2024-06-05 15:31:40.543214'),
	 (16,1,'2024-06-05 15:31:47.603166','2024-06-05 15:31:47.603166'),
	 (19,10,'2024-06-05 15:35:41.033404','2024-06-05 15:35:41.033404'),
	 (19,16,'2024-06-05 15:35:41.035949','2024-06-05 15:35:41.035949'),
	 (22,10,'2024-06-05 15:42:24.760406','2024-06-05 15:42:24.760406'),
	 (22,16,'2024-06-05 15:42:24.763144','2024-06-05 15:42:24.763144');
INSERT INTO public.facility_preference (facility_id,preference_id,created_at,updated_at) VALUES
	 (23,10,'2024-06-05 15:55:16.271596','2024-06-05 15:55:16.271596'),
	 (24,10,'2024-06-05 15:55:53.072277','2024-06-05 15:55:53.072277'),
	 (24,14,'2024-06-05 15:55:53.075338','2024-06-05 15:55:53.075338'),
	 (24,12,'2024-06-05 15:55:53.077681','2024-06-05 15:55:53.077681'),
	 (25,1,'2024-06-05 15:58:37.02022','2024-06-05 15:58:37.02022'),
	 (25,12,'2024-06-05 15:58:37.026383','2024-06-05 15:58:37.026383'),
	 (25,14,'2024-06-05 15:58:37.029574','2024-06-05 15:58:37.029574'),
	 (25,13,'2024-06-05 15:58:37.03277','2024-06-05 15:58:37.03277');
INSERT INTO public.menu (facility_id,"name",slug,description,price,quantity,created_at,updated_at) VALUES
	 (2,'아이스 카페모카','','',5000,'','2024-06-05 13:58:33.686599','2024-06-05 13:58:33.686599'),
	 (2,'카페모카','','',4500,'','2024-06-05 13:58:33.686599','2024-06-05 13:58:33.686599'),
	 (2,'아메리카노','','',3500,'','2024-06-05 13:58:33.686599','2024-06-05 13:58:33.686599'),
	 (2,'아이스 아메리카노','','',4000,'','2024-06-05 13:58:33.686599','2024-06-05 13:58:33.686599'),
	 (2,'카라멜마끼아또','','',4500,'','2024-06-05 13:58:33.686599','2024-06-05 13:58:33.686599'),
	 (4,'짜조','','Delicious fried spring rolls',4400,'100g','2024-06-05 14:42:08.755964','2024-06-05 14:42:08.755964'),
	 (4,'매운양지쌀국수','','Delicious beef pho',5500,'120g','2024-06-05 14:42:08.755964','2024-06-05 14:42:08.755964'),
	 (4,'하노이볶음면','','Fried rice noodles with vegetables',5500,'130g','2024-06-05 14:42:08.755964','2024-06-05 14:42:08.755964'),
	 (4,'쌀국수','','Vegetarian pho',3900,'100g','2024-06-05 14:42:08.755964','2024-06-05 14:42:08.755964'),
	 (4,'파인애플볶음밥','','Delicious Fried rice',5500,'130g','2024-06-05 14:42:08.755964','2024-06-05 14:42:08.755964');
INSERT INTO public.menu (facility_id,"name",slug,description,price,quantity,created_at,updated_at) VALUES
	 (5,'트레디셔널 R','r','제스티비프, 터키가슴살햄, 벌꿀로 숙성한 햄, 체다치즈, 블랙올리브, 양파, 토마토, 양상추, 랜치드레싱',6900,'','2024-06-05 14:42:18.591951','2024-06-05 14:42:18.591951'),
	 (5,'치킨 까르보나라 (R) ','r','닭가슴살, 베이컨, 모짜렐라치즈, 양송이, 크리미 베이컨 알프레도 드레싱',7600,'','2024-06-05 14:42:18.591951','2024-06-05 14:42:18.591951'),
	 (5,'클래식 콥 샐러드','','에그샐러드, 닭가슴살, 계절야채블렌드, 슈레드치즈, 아보타도&올리브오일, 샐러드브레드',9900,'','2024-06-05 14:42:18.591951','2024-06-05 14:42:18.591951'),
	 (5,'치킨 까르보나라 피자','','닭가슴살, 베이컨, 양송이, 피자 치즈, 크리미 베이컨 알프레도 드레싱',10900,'','2024-06-05 14:42:18.591951','2024-06-05 14:42:18.591951'),
	 (5,'포테이토 베이컨 스프','','',4200,'','2024-06-05 14:42:18.591951','2024-06-05 14:42:18.591951'),
	 (6,'뉴 그린 로티세리치킨 아보카도 샐러드','','촉촉한 바비큐 치킨의 풍미와 신규 야채, 아보카도가 선사하는 든든한 조합의 샐러드',11500,'','2024-06-05 14:42:28.344033','2024-06-05 14:42:28.344033'),
	 (6,'뉴 그린 리코타 치즈 샐러드','','리코타 치즈와 신규 야채가 어우러진 부드럽고 산뜻한 조합의 샐러드',10900,'','2024-06-05 14:42:28.344033','2024-06-05 14:42:28.344033'),
	 (6,'이탈리안 비엠티 썹픽','','써브웨이의 NO.1 베스트 메뉴를 썹픽 한마디로 주문!',6700,'','2024-06-05 14:42:28.344033','2024-06-05 14:42:28.344033'),
	 (6,'로티세리 바비큐 치킨 썹픽','','촉촉한 로티세리 바비큐 치킨을 썹픽 한마디로 주문!',7300,'','2024-06-05 14:42:28.344033','2024-06-05 14:42:28.344033'),
	 (6,'에그마요','','부드러운 달걀과 고소한 마요네즈가 만나 더 부드러운 스테디셀러',5500,'','2024-06-05 14:42:28.344033','2024-06-05 14:42:28.344033');
INSERT INTO public.menu (facility_id,"name",slug,description,price,quantity,created_at,updated_at) VALUES
	 (9,'인생설렁탕','','',7000,'','2024-06-05 15:24:36.395249','2024-06-05 15:24:36.395249'),
	 (9,'뚝배기부대찌개','','',7500,'','2024-06-05 15:24:36.395249','2024-06-05 15:24:36.395249'),
	 (9,'인생물/비빔냉면','','',7000,'','2024-06-05 15:24:36.395249','2024-06-05 15:24:36.395249'),
	 (9,'불스지','','',8000,'','2024-06-05 15:24:36.395249','2024-06-05 15:24:36.395249'),
	 (9,'만두','','',4000,'','2024-06-05 15:24:36.395249','2024-06-05 15:24:36.395249'),
	 (10,'역전돈까스','','국내산 통등심의 도톰하고 부드러운 돈까스에 데미글라스소스가 어우려진 경양식 돈까스',8500,'','2024-06-05 15:30:51.433076','2024-06-05 15:30:51.433076'),
	 (10,'더블치즈돈까스','','국내산 통등심의 도톰한 돈까스와 두가지의 고소한 치즈의 깊은 맛을 느낄 수 있는 돈까스',9000,'','2024-06-05 15:30:51.433076','2024-06-05 15:30:51.433076'),
	 (10,'옛날우동','','진한 가쓰오 국물맛과 쫄깃한 면발의 만남이 일품인 역전우동0410의 대표 우동메뉴',4500,'','2024-06-05 15:30:51.433076','2024-06-05 15:30:51.433076'),
	 (10,'김치우동','','볶음 김치가 얹어져 더욱 시원하고 깊은 맛을 내는 역전우동0410만의 특별한 우동',5500,'','2024-06-05 15:30:51.433076','2024-06-05 15:30:51.433076'),
	 (10,'냉우동','','살얼음이 동동 띄워진 시원한 우동국물이 여름철 더위를 싹~가시게 하는 시원한 별미',6500,'','2024-06-05 15:30:51.433076','2024-06-05 15:30:51.433076');
INSERT INTO public.menu (facility_id,"name",slug,description,price,quantity,created_at,updated_at) VALUES
	 (12,'아메리카노','','',3000,'','2024-06-05 15:31:20.118302','2024-06-05 15:31:20.118302'),
	 (12,'에스프레소','','',3000,'','2024-06-05 15:31:20.118302','2024-06-05 15:31:20.118302'),
	 (12,'바닐라빈 라떼','','',3700,'','2024-06-05 15:31:20.118302','2024-06-05 15:31:20.118302'),
	 (12,'카페모카','','',4100,'','2024-06-05 15:31:20.118302','2024-06-05 15:31:20.118302'),
	 (12,'민트초코라떼','','',4200,'','2024-06-05 15:31:20.118302','2024-06-05 15:31:20.118302'),
	 (13,'아메리카노','','',4500,'','2024-06-05 15:31:26.645969','2024-06-05 15:31:26.645969'),
	 (13,'에스프레소','','',4500,'','2024-06-05 15:31:26.645969','2024-06-05 15:31:26.645969'),
	 (13,'바닐라빈 라떼','','',5000,'','2024-06-05 15:31:26.645969','2024-06-05 15:31:26.645969'),
	 (13,'카라멜라떼마끼아또','','',5800,'','2024-06-05 15:31:26.645969','2024-06-05 15:31:26.645969'),
	 (13,'수박 그라니따','','',6900,'','2024-06-05 15:31:26.645969','2024-06-05 15:31:26.645969');
INSERT INTO public.menu (facility_id,"name",slug,description,price,quantity,created_at,updated_at) VALUES
	 (14,'아메리카노','','',2700,'','2024-06-05 15:31:34.182932','2024-06-05 15:31:34.182932'),
	 (14,'카페라떼','','',3200,'','2024-06-05 15:31:34.182932','2024-06-05 15:31:34.182932'),
	 (14,'오렌지에이드','','',4800,'','2024-06-05 15:31:34.182932','2024-06-05 15:31:34.182932'),
	 (14,'플레인요거트스무디','','',4800,'','2024-06-05 15:31:34.182932','2024-06-05 15:31:34.182932'),
	 (14,'B.E.L.T 샌드위치','b-e-l-t','',3500,'','2024-06-05 15:31:34.182932','2024-06-05 15:31:34.182932'),
	 (15,'피자 한판','','',23000,'','2024-06-05 15:31:40.51717','2024-06-05 15:31:40.51717'),
	 (15,'피자 한조각','','',3000,'','2024-06-05 15:31:40.51717','2024-06-05 15:31:40.51717'),
	 (15,'콜라','','',1000,'','2024-06-05 15:31:40.51717','2024-06-05 15:31:40.51717'),
	 (16,'매콤제육 정식','','',6700,'','2024-06-05 15:31:47.578638','2024-06-05 15:31:47.578638'),
	 (16,'홍순두부 정식','','',6200,'','2024-06-05 15:31:47.578638','2024-06-05 15:31:47.578638');
INSERT INTO public.menu (facility_id,"name",slug,description,price,quantity,created_at,updated_at) VALUES
	 (16,'백순두부 정식','','',5700,'','2024-06-05 15:31:47.578638','2024-06-05 15:31:47.578638'),
	 (16,'불고기순두부 정식','','',6500,'','2024-06-05 15:31:47.578638','2024-06-05 15:31:47.578638'),
	 (16,'간장제육 정식','','',6700,'','2024-06-05 15:31:47.578638','2024-06-05 15:31:47.578638'),
	 (19,'아메리카노','','24시간 숙성한 발아원두를 사용하여 카페인 함량은 낮고 부드럽고 고소하게 아메리카노',4000,'55cl','2024-06-05 15:35:40.991726','2024-06-05 15:35:40.991726'),
	 (19,'딸기요거트스무디','','비피더스균을 함유한 요거트의 상큼함과 그래놀라의 고소함을 동시에 즐기는 요거트 스무디',6500,'70cl','2024-06-05 15:35:40.991726','2024-06-05 15:35:40.991726'),
	 (19,'한라봉오미자차','','제주향 가득 품은 한라봉과 새콤한 오미자가 만나 더욱 달콤한 코리안 티',6000,'60cl','2024-06-05 15:35:40.991726','2024-06-05 15:35:40.991726'),
	 (19,'디카페인 콜드브루','','co2 제거 방식으로 커피의 맛과 향은 보존되고 카페인만 제거된 콜드브루',5000,'100g','2024-06-05 15:35:40.991726','2024-06-05 15:35:40.991726'),
	 (19,'순수우유 다쿠아즈','','고급스러운 우유 필링과 달콤한 연유가 어우러진 담백한 맛의 다쿠아즈',3800,'40g','2024-06-05 15:35:40.991726','2024-06-05 15:35:40.991726'),
	 (22,'아메리카노','','',4500,'','2024-06-05 15:42:24.730057','2024-06-05 15:42:24.730057'),
	 (22,'에스프레소','','',4500,'','2024-06-05 15:42:24.730057','2024-06-05 15:42:24.730057');
INSERT INTO public.menu (facility_id,"name",slug,description,price,quantity,created_at,updated_at) VALUES
	 (22,'바닐라빈 라떼','','',5000,'','2024-06-05 15:42:24.730057','2024-06-05 15:42:24.730057'),
	 (22,'수박주스','','',5800,'','2024-06-05 15:42:24.730057','2024-06-05 15:42:24.730057'),
	 (22,'유자하이볼에이드','','',5500,'','2024-06-05 15:42:24.730057','2024-06-05 15:42:24.730057'),
	 (23,'꼰대라떼','','으른의 맛! 달달하며 묵직한 커피 맛이 느껴지는 라떼',0,'','2024-06-05 15:55:16.228326','2024-06-05 15:55:16.228326'),
	 (23,'탐의보감 3종','3','올 겨울을 건강하고 따뜻하게 보낼 음료 3종 (쌍화차, 홍시쌍화차, 사과생강차)',0,'','2024-06-05 15:55:16.228326','2024-06-05 15:55:16.228326'),
	 (23,'솔티드 카라메 라떼 3종','3','말차, 홍차, 다크초코 라떼에 솔티드카라멜 크림이 올라간 솔티드카라멜 3종 음료',0,'','2024-06-05 15:55:16.228326','2024-06-05 15:55:16.228326'),
	 (23,'콜라겐 요거트 스무디','','망고패션, 석류, 콜라겐! 1일 권장섭취량이 포함된 콜라겐 요거트스무디',0,'','2024-06-05 15:55:16.228326','2024-06-05 15:55:16.228326'),
	 (23,'오리엔탈 라떼','','카페라떼에 달달한 연유를 넣은 베트남에서 태어난 라떼',0,'','2024-06-05 15:55:16.228326','2024-06-05 15:55:16.228326'),
	 (24,'아메리카노','','',4300,'','2024-06-05 15:55:53.038524','2024-06-05 15:55:53.038524'),
	 (24,'에스프레소','','',4300,'','2024-06-05 15:55:53.038524','2024-06-05 15:55:53.038524');
INSERT INTO public.menu (facility_id,"name",slug,description,price,quantity,created_at,updated_at) VALUES
	 (24,'바닐라빈 라떼','','',5100,'','2024-06-05 15:55:53.038524','2024-06-05 15:55:53.038524'),
	 (24,'솔트크림커피','','',6300,'','2024-06-05 15:55:53.038524','2024-06-05 15:55:53.038524'),
	 (24,'딸기 케이크','','Sweet dessert decorated with strawberries',8000,'','2024-06-05 15:55:53.038524','2024-06-05 15:55:53.038524'),
	 (25,'삼겹살고추장비빔밥','','삼겹살의 참맛을 도시락에서 느껴보세요.. 푸짐한 양, 즉석식품으로 승부!!!',5800,'120g','2024-06-05 15:58:36.975853','2024-06-05 15:58:36.975853'),
	 (25,'눈꽃치즈김치볶음밥','','더큰도시락의 자랑꺼리 ~~~ 김치볶음밥 시리즈',4600,'100g','2024-06-05 15:58:36.975853','2024-06-05 15:58:36.975853'),
	 (25,'불돈도시락','','불고기와 돈까스를 함께 드실 수 있는 가성비 갑인 메뉴!!! 잘나가는 도시락 시리즈',7100,'120g','2024-06-05 15:58:36.975853','2024-06-05 15:58:36.975853'),
	 (25,'뼈다귀해장국','','한국인의 입맛은 역시 국물이 최고 ~~~~ 속도풀리고, 인생도 풀리고',6100,'','2024-06-05 15:58:36.975853','2024-06-05 15:58:36.975853'),
	 (25,'대왕치킨마요','','',5000,'','2024-06-05 15:58:36.975853','2024-06-05 15:58:36.975853');
INSERT INTO public.opening_hours (facility_id,"day",open_time,close_time,created_at,updated_at) VALUES
	 (2,1,'09:00:00','20:00:00','2024-06-06 08:38:29.022255','2024-06-06 08:38:29.022255'),
	 (2,2,'09:00:00','20:00:00','2024-06-06 08:38:29.022255','2024-06-06 08:38:29.022255'),
	 (2,3,'09:00:00','20:00:00','2024-06-06 08:38:29.022255','2024-06-06 08:38:29.022255'),
	 (2,4,'09:00:00','20:00:00','2024-06-06 08:38:29.022255','2024-06-06 08:38:29.022255'),
	 (2,5,'09:00:00','20:00:00','2024-06-06 08:38:29.022255','2024-06-06 08:38:29.022255'),
	 (2,6,'10:00:00','18:00:00','2024-06-06 08:38:29.022255','2024-06-06 08:38:29.022255'),
	 (2,0,'10:00:00','18:00:00','2024-06-06 08:38:29.022255','2024-06-06 08:38:29.022255'),
	 (4,1,'10:00:00','19:30:00','2024-06-05 14:42:08.755964','2024-06-05 14:42:08.755964'),
	 (4,2,'10:00:00','19:30:00','2024-06-05 14:42:08.755964','2024-06-05 14:42:08.755964'),
	 (4,3,'10:00:00','19:30:00','2024-06-05 14:42:08.755964','2024-06-05 14:42:08.755964');
INSERT INTO public.opening_hours (facility_id,"day",open_time,close_time,created_at,updated_at) VALUES
	 (4,4,'10:00:00','19:30:00','2024-06-05 14:42:08.755964','2024-06-05 14:42:08.755964'),
	 (4,5,'10:00:00','19:30:00','2024-06-05 14:42:08.755964','2024-06-05 14:42:08.755964'),
	 (4,6,'10:00:00','14:30:00','2024-06-05 14:42:08.755964','2024-06-05 14:42:08.755964'),
	 (4,7,'10:00:00','14:30:00','2024-06-05 14:42:08.755964','2024-06-05 14:42:08.755964'),
	 (5,1,'08:00:00','22:00:00','2024-06-05 14:42:18.591951','2024-06-05 14:42:18.591951'),
	 (5,2,'08:00:00','22:00:00','2024-06-05 14:42:18.591951','2024-06-05 14:42:18.591951'),
	 (5,3,'08:00:00','22:00:00','2024-06-05 14:42:18.591951','2024-06-05 14:42:18.591951'),
	 (5,4,'08:00:00','22:00:00','2024-06-05 14:42:18.591951','2024-06-05 14:42:18.591951'),
	 (5,5,'08:00:00','22:00:00','2024-06-05 14:42:18.591951','2024-06-05 14:42:18.591951'),
	 (5,6,'08:00:00','22:00:00','2024-06-05 14:42:18.591951','2024-06-05 14:42:18.591951');
INSERT INTO public.opening_hours (facility_id,"day",open_time,close_time,created_at,updated_at) VALUES
	 (5,7,'08:00:00','22:00:00','2024-06-05 14:42:18.591951','2024-06-05 14:42:18.591951'),
	 (6,1,'08:00:00','23:00:00','2024-06-05 14:42:28.344033','2024-06-05 14:42:28.344033'),
	 (6,2,'08:00:00','23:00:00','2024-06-05 14:42:28.344033','2024-06-05 14:42:28.344033'),
	 (6,3,'08:00:00','23:00:00','2024-06-05 14:42:28.344033','2024-06-05 14:42:28.344033'),
	 (6,4,'08:00:00','23:00:00','2024-06-05 14:42:28.344033','2024-06-05 14:42:28.344033'),
	 (6,5,'08:00:00','23:00:00','2024-06-05 14:42:28.344033','2024-06-05 14:42:28.344033'),
	 (6,6,'08:00:00','23:00:00','2024-06-05 14:42:28.344033','2024-06-05 14:42:28.344033'),
	 (6,7,'08:00:00','23:00:00','2024-06-05 14:42:28.344033','2024-06-05 14:42:28.344033'),
	 (9,1,'10:00:00','16:30:00','2024-06-05 15:24:36.395249','2024-06-05 15:24:36.395249'),
	 (9,2,'10:00:00','16:30:00','2024-06-05 15:24:36.395249','2024-06-05 15:24:36.395249');
INSERT INTO public.opening_hours (facility_id,"day",open_time,close_time,created_at,updated_at) VALUES
	 (9,3,'10:00:00','16:30:00','2024-06-05 15:24:36.395249','2024-06-05 15:24:36.395249'),
	 (9,4,'10:00:00','16:30:00','2024-06-05 15:24:36.395249','2024-06-05 15:24:36.395249'),
	 (9,5,'10:00:00','16:30:00','2024-06-05 15:24:36.395249','2024-06-05 15:24:36.395249'),
	 (10,1,'10:00:00','16:30:00','2024-06-05 15:30:51.433076','2024-06-05 15:30:51.433076'),
	 (10,2,'10:00:00','16:30:00','2024-06-05 15:30:51.433076','2024-06-05 15:30:51.433076'),
	 (10,3,'10:00:00','16:30:00','2024-06-05 15:30:51.433076','2024-06-05 15:30:51.433076'),
	 (10,4,'10:00:00','16:30:00','2024-06-05 15:30:51.433076','2024-06-05 15:30:51.433076'),
	 (10,5,'10:00:00','16:30:00','2024-06-05 15:30:51.433076','2024-06-05 15:30:51.433076'),
	 (12,1,'08:00:00','21:00:00','2024-06-05 15:31:20.118302','2024-06-05 15:31:20.118302'),
	 (12,2,'08:00:00','21:00:00','2024-06-05 15:31:20.118302','2024-06-05 15:31:20.118302');
INSERT INTO public.opening_hours (facility_id,"day",open_time,close_time,created_at,updated_at) VALUES
	 (12,3,'08:00:00','21:00:00','2024-06-05 15:31:20.118302','2024-06-05 15:31:20.118302'),
	 (12,4,'08:00:00','21:00:00','2024-06-05 15:31:20.118302','2024-06-05 15:31:20.118302'),
	 (12,5,'08:00:00','21:00:00','2024-06-05 15:31:20.118302','2024-06-05 15:31:20.118302'),
	 (12,6,'10:00:00','19:00:00','2024-06-05 15:31:20.118302','2024-06-05 15:31:20.118302'),
	 (12,7,'10:00:00','19:00:00','2024-06-05 15:31:20.118302','2024-06-05 15:31:20.118302'),
	 (13,1,'08:00:00','23:00:00','2024-06-05 15:31:26.645969','2024-06-05 15:31:26.645969'),
	 (13,2,'08:00:00','23:00:00','2024-06-05 15:31:26.645969','2024-06-05 15:31:26.645969'),
	 (13,3,'08:00:00','23:00:00','2024-06-05 15:31:26.645969','2024-06-05 15:31:26.645969'),
	 (13,4,'08:00:00','23:00:00','2024-06-05 15:31:26.645969','2024-06-05 15:31:26.645969'),
	 (13,5,'08:00:00','23:00:00','2024-06-05 15:31:26.645969','2024-06-05 15:31:26.645969');
INSERT INTO public.opening_hours (facility_id,"day",open_time,close_time,created_at,updated_at) VALUES
	 (13,6,'09:00:00','22:30:00','2024-06-05 15:31:26.645969','2024-06-05 15:31:26.645969'),
	 (13,7,'09:00:00','22:30:00','2024-06-05 15:31:26.645969','2024-06-05 15:31:26.645969'),
	 (14,1,'08:00:00','18:00:00','2024-06-05 15:31:34.182932','2024-06-05 15:31:34.182932'),
	 (14,2,'08:00:00','18:00:00','2024-06-05 15:31:34.182932','2024-06-05 15:31:34.182932'),
	 (14,3,'08:00:00','18:00:00','2024-06-05 15:31:34.182932','2024-06-05 15:31:34.182932'),
	 (14,4,'08:00:00','18:00:00','2024-06-05 15:31:34.182932','2024-06-05 15:31:34.182932'),
	 (14,5,'08:00:00','18:00:00','2024-06-05 15:31:34.182932','2024-06-05 15:31:34.182932'),
	 (15,1,'11:00:00','17:00:00','2024-06-05 15:31:40.51717','2024-06-05 15:31:40.51717'),
	 (15,2,'11:00:00','17:00:00','2024-06-05 15:31:40.51717','2024-06-05 15:31:40.51717'),
	 (15,3,'11:00:00','17:00:00','2024-06-05 15:31:40.51717','2024-06-05 15:31:40.51717');
INSERT INTO public.opening_hours (facility_id,"day",open_time,close_time,created_at,updated_at) VALUES
	 (15,4,'11:00:00','17:00:00','2024-06-05 15:31:40.51717','2024-06-05 15:31:40.51717'),
	 (15,5,'11:00:00','17:00:00','2024-06-05 15:31:40.51717','2024-06-05 15:31:40.51717'),
	 (15,6,'11:30:00','14:30:00','2024-06-05 15:31:40.51717','2024-06-05 15:31:40.51717'),
	 (16,1,'10:00:00','16:30:00','2024-06-05 15:31:47.578638','2024-06-05 15:31:47.578638'),
	 (16,2,'10:00:00','16:30:00','2024-06-05 15:31:47.578638','2024-06-05 15:31:47.578638'),
	 (16,3,'10:00:00','16:30:00','2024-06-05 15:31:47.578638','2024-06-05 15:31:47.578638'),
	 (16,4,'10:00:00','16:30:00','2024-06-05 15:31:47.578638','2024-06-05 15:31:47.578638'),
	 (16,5,'10:00:00','16:30:00','2024-06-05 15:31:47.578638','2024-06-05 15:31:47.578638'),
	 (19,1,'09:30:00','19:30:00','2024-06-05 15:35:40.991726','2024-06-05 15:35:40.991726'),
	 (19,2,'09:30:00','19:30:00','2024-06-05 15:35:40.991726','2024-06-05 15:35:40.991726');
INSERT INTO public.opening_hours (facility_id,"day",open_time,close_time,created_at,updated_at) VALUES
	 (19,3,'09:30:00','19:30:00','2024-06-05 15:35:40.991726','2024-06-05 15:35:40.991726'),
	 (19,4,'09:30:00','19:30:00','2024-06-05 15:35:40.991726','2024-06-05 15:35:40.991726'),
	 (19,5,'09:30:00','19:30:00','2024-06-05 15:35:40.991726','2024-06-05 15:35:40.991726'),
	 (19,6,'11:30:00','18:30:00','2024-06-05 15:35:40.991726','2024-06-05 15:35:40.991726'),
	 (19,7,'11:30:00','18:30:00','2024-06-05 15:35:40.991726','2024-06-05 15:35:40.991726'),
	 (22,1,'08:00:00','20:00:00','2024-06-05 15:42:24.730057','2024-06-05 15:42:24.730057'),
	 (22,2,'08:00:00','20:00:00','2024-06-05 15:42:24.730057','2024-06-05 15:42:24.730057'),
	 (22,3,'08:00:00','20:00:00','2024-06-05 15:42:24.730057','2024-06-05 15:42:24.730057'),
	 (22,4,'08:00:00','20:00:00','2024-06-05 15:42:24.730057','2024-06-05 15:42:24.730057'),
	 (22,5,'08:00:00','20:00:00','2024-06-05 15:42:24.730057','2024-06-05 15:42:24.730057');
INSERT INTO public.opening_hours (facility_id,"day",open_time,close_time,created_at,updated_at) VALUES
	 (23,1,'07:00:00','22:00:00','2024-06-05 15:55:16.228326','2024-06-05 15:55:16.228326'),
	 (23,2,'07:00:00','22:00:00','2024-06-05 15:55:16.228326','2024-06-05 15:55:16.228326'),
	 (23,3,'07:00:00','22:00:00','2024-06-05 15:55:16.228326','2024-06-05 15:55:16.228326'),
	 (23,4,'07:00:00','22:00:00','2024-06-05 15:55:16.228326','2024-06-05 15:55:16.228326'),
	 (23,5,'07:00:00','22:00:00','2024-06-05 15:55:16.228326','2024-06-05 15:55:16.228326'),
	 (23,6,'08:00:00','21:00:00','2024-06-05 15:55:16.228326','2024-06-05 15:55:16.228326'),
	 (23,7,'08:00:00','21:00:00','2024-06-05 15:55:16.228326','2024-06-05 15:55:16.228326'),
	 (24,1,'08:00:00','21:00:00','2024-06-05 15:55:53.038524','2024-06-05 15:55:53.038524'),
	 (24,2,'08:00:00','21:00:00','2024-06-05 15:55:53.038524','2024-06-05 15:55:53.038524'),
	 (24,3,'08:00:00','21:00:00','2024-06-05 15:55:53.038524','2024-06-05 15:55:53.038524');
INSERT INTO public.opening_hours (facility_id,"day",open_time,close_time,created_at,updated_at) VALUES
	 (24,4,'08:00:00','21:00:00','2024-06-05 15:55:53.038524','2024-06-05 15:55:53.038524'),
	 (24,5,'08:00:00','21:00:00','2024-06-05 15:55:53.038524','2024-06-05 15:55:53.038524'),
	 (24,6,'08:00:00','21:00:00','2024-06-05 15:55:53.038524','2024-06-05 15:55:53.038524'),
	 (24,7,'08:00:00','21:00:00','2024-06-05 15:55:53.038524','2024-06-05 15:55:53.038524'),
	 (25,1,'10:00:00','19:00:00','2024-06-05 15:58:36.975853','2024-06-05 15:58:36.975853'),
	 (25,2,'10:00:00','19:00:00','2024-06-05 15:58:36.975853','2024-06-05 15:58:36.975853'),
	 (25,3,'10:00:00','19:00:00','2024-06-05 15:58:36.975853','2024-06-05 15:58:36.975853'),
	 (25,4,'10:00:00','19:00:00','2024-06-05 15:58:36.975853','2024-06-05 15:58:36.975853'),
	 (25,5,'10:00:00','19:00:00','2024-06-05 15:58:36.975853','2024-06-05 15:58:36.975853');
INSERT INTO public.stamp_reward (facility_id,cnt,"name",created_at,updated_at) VALUES
	 (2,5,'Free drink','2024-06-05 14:07:44.133091','2024-06-05 14:07:44.133091'),
	 (4,5,'Free drink','2024-06-05 14:42:08.841971','2024-06-05 14:42:08.841971'),
	 (5,8,'Free sandwich ','2024-06-05 14:42:18.630939','2024-06-05 14:42:18.630939'),
	 (6,8,'Free sandwich ','2024-06-05 14:42:28.382443','2024-06-05 14:42:28.382443'),
	 (9,10,'Free Meal','2024-06-05 15:24:36.428624','2024-06-05 15:24:36.428624'),
	 (10,10,'Free Meal','2024-06-05 15:30:51.47227','2024-06-05 15:30:51.47227'),
	 (12,5,'Free drink','2024-06-05 15:31:20.1645','2024-06-05 15:31:20.1645'),
	 (13,5,'Free drink','2024-06-05 15:31:26.703697','2024-06-05 15:31:26.703697'),
	 (14,5,'Free drink','2024-06-05 15:31:34.21217','2024-06-05 15:31:34.21217'),
	 (15,0,'','2024-06-05 15:31:40.545652','2024-06-05 15:31:40.545652');
INSERT INTO public.stamp_reward (facility_id,cnt,"name",created_at,updated_at) VALUES
	 (16,10,'Free Meal','2024-06-05 15:31:47.605108','2024-06-05 15:31:47.605108'),
	 (19,5,'Free drink','2024-06-05 15:35:41.038061','2024-06-05 15:35:41.038061'),
	 (22,5,'Free drink','2024-06-05 15:42:24.765099','2024-06-05 15:42:24.765099'),
	 (23,5,'Free Drink','2024-06-05 15:55:16.279177','2024-06-05 15:55:16.279177'),
	 (24,5,'Free drink','2024-06-05 15:55:53.079816','2024-06-05 15:55:53.079816'),
	 (25,5,'Free drink','2024-06-05 15:58:37.036798','2024-06-05 15:58:37.036798');
INSERT INTO public.stamp_ruleset (facility_id,total_cnt,created_at,updated_at) VALUES
	 (2,5,'2024-06-05 14:07:44.133091','2024-06-05 14:07:44.891652'),
	 (4,5,'2024-06-05 14:42:08.841971','2024-06-05 14:42:08.841971'),
	 (5,8,'2024-06-05 14:42:18.630939','2024-06-05 14:42:18.630939'),
	 (6,8,'2024-06-05 14:42:28.382443','2024-06-05 14:42:28.382443'),
	 (9,10,'2024-06-05 15:24:36.428624','2024-06-05 15:24:36.428624'),
	 (10,10,'2024-06-05 15:30:51.47227','2024-06-05 15:30:51.47227'),
	 (12,5,'2024-06-05 15:31:20.1645','2024-06-05 15:31:20.1645'),
	 (13,5,'2024-06-05 15:31:26.703697','2024-06-05 15:31:26.703697'),
	 (14,5,'2024-06-05 15:31:34.21217','2024-06-05 15:31:34.21217'),
	 (15,0,'2024-06-05 15:31:40.545652','2024-06-05 15:31:40.545652');
INSERT INTO public.stamp_ruleset (facility_id,total_cnt,created_at,updated_at) VALUES
	 (16,10,'2024-06-05 15:31:47.605108','2024-06-05 15:31:47.605108'),
	 (19,5,'2024-06-05 15:35:41.038061','2024-06-05 15:35:41.038061'),
	 (22,5,'2024-06-05 15:42:24.765099','2024-06-05 15:42:24.765099'),
	 (23,5,'2024-06-05 15:55:16.279177','2024-06-05 15:55:16.279177'),
	 (24,5,'2024-06-05 15:55:53.079816','2024-06-05 15:55:53.079816'),
	 (25,5,'2024-06-05 15:58:37.036798','2024-06-05 15:58:37.036798');
